q0_0, q0_1, q0_2, q0_3, q0_4, q0_5, q0_6, q1_0, q1_1, q1_2, q1_3, q1_4, q1_5, q1_6, x, x_prec, y, y_prec, z, z_prec
0.896708, 0.371994, 0.128589, 0.404364, 0.193497, 0.507214, 0, 0.278554, 0.275837, 0.128589, 0.404364, 0.385812, 0.507214, 0, -0.00398914, 0.0282817, 0.409391, 0.0282817, 0.00372924, 0.0282817
0.653044, 0.334091, 0.128589, 0.404364, 0.269304, 0.507214, 0, 0.330346, 0.283893, 0.128589, 0.404364, 0.369699, 0.507214, 0, 0.00318327, 0.0276508, 0.388359, 0.0276508, -0.00926904, 0.0276508
0.104051, 0.366993, 0.128589, 0.404364, 0.203498, 0.507214, 0, 0.419267, 0.31796, 0.128589, 0.404364, 0.301565, 0.507214, 0, 0.00115073, 0.0160681, -0.00113705, 0.0160681, -0.00226843, 0.0160681
0.85871, 0.366083, 0.128589, 0.404364, 0.205319, 0.507214, 0, 0.225806, 0.267631, 0.128589, 0.404364, 0.402222, 0.507214, 0, -0.0210869, 0.0295852, 0.452839, 0.0295852, -0.00782131, 0.0295852
0.0338372, 0.377915, 0.128589, 0.404364, 0.181654, 0.507214, 0, 0.642814, 0.283186, 0.128589, 0.404364, 0.371114, 0.507214, 0, -0.012208, 0.0265751, -0.352505, 0.0265751, -0.00933697, 0.0265751
0.296592, 0.337042, 0.128589, 0.404364, 0.2634, 0.507214, 0, 0.690621, 0.275749, 0.128589, 0.404364, 0.385987, 0.507214, 0, -0.0207351, 0.0289916, -0.433053, 0.0289916, 0.00560486, 0.0289916
0.205662, 0.351187, 0.128589, 0.404364, 0.235111, 0.507214, 0, 0.677298, 0.277822, 0.128589, 0.404364, 0.381842, 0.507214, 0, -0.0205813, 0.0284037, -0.413457, 0.0284037, -0.00537395, 0.0284037
0.946857, 0.379795, 0.128589, 0.404364, 0.177895, 0.507214, 0, 0.759096, 0.350588, 0.128589, 0.404364, 0.23631, 0.507214, 0, -0.00123478, 0.0161184, -0.00149378, 0.0161184, -0.00394694, 0.0161184
0.189457, 0.353708, 0.128589, 0.404364, 0.230069, 0.507214, 0, 0.6313, 0.284977, 0.128589, 0.404364, 0.367531, 0.507214, 0, -0.0130764, 0.0258622, -0.328741, 0.0258622, 0.00295104, 0.0258622
0.197821, 0.352407, 0.128589, 0.404364, 0.232671, 0.507214, 0, 0.464982, 0.310848, 0.128589, 0.404364, 0.315788, 0.507214, 0, 0.0029146, 0.0163547, -0.0118235, 0.0163547, 0.008275, 0.0163547
0.729911, 0.346048, 0.128589, 0.404364, 0.245389, 0.507214, 0, 0.438034, 0.300645, 0.128589, 0.404364, 0.336196, 0.507214, 0, 0.007986, 0.0214632, 0.182107, 0.0214632, 0.00236067, 0.0214632
0.891144, 0.371128, 0.128589, 0.404364, 0.195228, 0.507214, 0, 0.445557, 0.301815, 0.128589, 0.404364, 0.333855, 0.507214, 0, 0.00679068, 0.0215161, 0.183871, 0.0215161, 0.00615132, 0.0215161
0.285462, 0.338774, 0.128589, 0.404364, 0.259937, 0.507214, 0, 0.293269, 0.337559, 0.128589, 0.404364, 0.262366, 0.507214, 0, -4.31431e-05, 0.0162657, -0.00493452, 0.0162657, 0.00885545, 0.0162657
0.979264, 0.384836, 0.128589, 0.404364, 0.167813, 0.507214, 0, 0.198408, 0.26337, 0.128589, 0.404364, 0.410746, 0.507214, 0, -0.000710679, 0.0299176, 0.46392, 0.0299176, -0.00547356, 0.0299176
0.210879, 0.350376, 0.128589, 0.404364, 0.236734, 0.507214, 0, 0.751967, 0.266206, 0.128589, 0.404364, 0.405072, 0.507214, 0, -0.0211146, 0.03073, -0.490999, 0.03073, 0.00459387, 0.03073
0.0285167, 0.378743, 0.128589, 0.404364, 0.179999, 0.507214, 0, 0.804521, 0.258031, 0.128589, 0.404364, 0.421422, 0.507214, 0, -0.0268222, 0.0334036, -0.58012, 0.0334036, -0.209526, 0.0334036
0.351662, 0.328476, 0.128589, 0.404364, 0.280533, 0.507214, 0, 0.72823, 0.269899, 0.128589, 0.404364, 0.397687, 0.507214, 0, -0.0361352, 0.0305524, -0.485081, 0.0305524, 0.000366961, 0.0305524
0.920387, 0.375677, 0.128589, 0.404364, 0.18613, 0.507214, 0, 0.413082, 0.296763, 0.128589, 0.404364, 0.343959, 0.507214, 0, -0.00548641, 0.0230413, 0.234711, 0.0230413, -0.00382343, 0.0230413
-0.0627158, 0.392935, 0.128589, 0.404364, 0.151615, 0.507214, 0, -0.0109735, 0.384886, 0.128589, 0.404364, 0.167713, 0.507214, 0, -0.00592033, 0.0162664, -0.00333433, 0.0162664, -0.00887977, 0.0162664
-0.0841026, 0.396262, 0.128589, 0.404364, 0.144962, 0.507214, 0, -0.0747305, 0.394804, 0.128589, 0.404364, 0.147877, 0.507214, 0, -0.00733288, 0.01622, -0.00471825, 0.01622, -0.00687881, 0.01622
-0.0788748, 0.395448, 0.128589, 0.404364, 0.146588, 0.507214, 0, 0.642933, 0.283167, 0.128589, 0.404364, 0.37115, 0.507214, 0, 0.00728273, 0.0265824, -0.352746, 0.0265824, 0.00770354, 0.0265824
0.0416563, 0.376699, 0.128589, 0.404364, 0.184087, 0.507214, 0, 0.161636, 0.358036, 0.128589, 0.404364, 0.221414, 0.507214, 0, 0.00982093, 0.0162946, -0.00807367, 0.0162946, -0.00919872, 0.0162946
0.924007, 0.37624, 0.128589, 0.404364, 0.185004, 0.507214, 0, 0.287921, 0.277294, 0.128589, 0.404364, 0.382898, 0.507214, 0, -0.00576428, 0.0290012, 0.433374, 0.0290012, 0.000202363, 0.0290012
0.856692, 0.365769, 0.128589, 0.404364, 0.205946, 0.507214, 0, 0.786975, 0.354924, 0.128589, 0.404364, 0.227636, 0.507214, 0, -0.00760502, 0.0162282, 0.00465143, 0.0162282, -0.000948003, 0.0162282
0.242452, 0.345464, 0.128589, 0.404364, 0.246556, 0.507214, 0, 0.75942, 0.265047, 0.128589, 0.404364, 0.407391, 0.507214, 0, -0.0296499, 0.0332008, -0.573361, 0.0332008, -0.208757, 0.0332008
0.854193, 0.365381, 0.128589, 0.404364, 0.206724, 0.507214, 0, 0.62421, 0.329605, 0.128589, 0.404364, 0.278274, 0.507214, 0, -0.000895173, 0.0161143, -0.00380879, 0.0161143, -0.00139981, 0.0161143
1.01623, 0.390586, 0.128589, 0.404364, 0.156314, 0.507214, 0, 0.447663, 0.302143, 0.128589, 0.404364, 0.3332, 0.507214, 0, -0.00808078, 0.0215884, 0.186281, 0.0215884, -0.00728431, 0.0215884
-0.00945722, 0.38465, 0.128589, 0.404364, 0.168185, 0.507214, 0, 0.519053, 0.302437, 0.128589, 0.404364, 0.33261, 0.507214, 0, 0.00760118, 0.0193474, -0.11158, 0.0193474, 0.00469271, 0.0193474
0.10215, 0.367289, 0.128589, 0.404364, 0.202907, 0.507214, 0, 0.365767, 0.326282, 0.128589, 0.404364, 0.284921, 0.507214, 0, -0.0056823, 0.0162564, 0.00854535, 0.0162564, 0.0030828, 0.0162564
0.875938, 0.368763, 0.128589, 0.404364, 0.199959, 0.507214, 0, 0.304314, 0.279844, 0.128589, 0.404364, 0.377797, 0.507214, 0, -0.0066467, 0.0284708, 0.415695, 0.0284708, 0.000125004, 0.0284708
-0.0122522, 0.385085, 0.128589, 0.404364, 0.167315, 0.507214, 0, 0.55246, 0.297241, 0.128589, 0.404364, 0.343003, 0.507214, 0, -0.00669337, 0.0216111, -0.187035, 0.0216111, 0.00496743, 0.0216111
0.744259, 0.34828, 0.128589, 0.404364, 0.240926, 0.507214, 0, 0.561435, 0.31984, 0.128589, 0.404364, 0.297804, 0.507214, 0, 0.0009417, 0.0162553, -0.00850994, 0.0162553, -0.00491877, 0.0162553
0.903205, 0.373005, 0.128589, 0.404364, 0.191476, 0.507214, 0, 0.761953, 0.351032, 0.128589, 0.404364, 0.235421, 0.507214, 0, -0.000698601, 0.0160996, 0.0022822, 0.0160996, 0.00331997, 0.0160996
0.347585, 0.32911, 0.128589, 0.404364, 0.279265, 0.507214, 0, 0.78502, 0.261065, 0.128589, 0.404364, 0.415355, 0.507214, 0, -0.0239969, 0.0335338, -0.584461, 0.0335338, -0.203029, 0.0335338
0.216026, 0.349575, 0.128589, 0.404364, 0.238335, 0.507214, 0, 0.305033, 0.335729, 0.128589, 0.404364, 0.266026, 0.507214, 0, 1.31218e-05, 0.0162743, 0.00664505, 0.0162743, 0.00914306, 0.0162743
0.139041, 0.36155, 0.128589, 0.404364, 0.214384, 0.507214, 0, 0.515734, 0.302954, 0.128589, 0.404364, 0.331578, 0.507214, 0, 0.000687093, 0.0189546, -0.0984853, 0.0189546, 0.00107584, 0.0189546
0.343738, 0.329709, 0.128589, 0.404364, 0.278068, 0.507214, 0, 0.553511, 0.297077, 0.128589, 0.404364, 0.34333, 0.507214, 0, -0.00712102, 0.0217324, -0.191079, 0.0217324, -0.00764823, 0.0217324
0.973788, 0.383984, 0.128589, 0.404364, 0.169517, 0.507214, 0, 0.653442, 0.334153, 0.128589, 0.404364, 0.26918, 0.507214, 0, -0.00825493, 0.0162476, 0.00747781, 0.0162476, -0.00467817, 0.0162476
0.894843, 0.371704, 0.128589, 0.404364, 0.194077, 0.507214, 0, 0.781078, 0.354007, 0.128589, 0.404364, 0.229471, 0.507214, 0, -0.00575854, 0.0162194, 0.00731298, 0.0162194, 0.00222111, 0.0162194
0.195002, 0.352845, 0.128589, 0.404364, 0.231794, 0.507214, 0, 0.268085, 0.341477, 0.128589, 0.404364, 0.254531, 0.507214, 0, 0.00104208, 0.0162879, 0.00959727, 0.0162879, 0.00343894, 0.0162879
0.630791, 0.330629, 0.128589, 0.404364, 0.276227, 0.507214, 0, 0.329827, 0.283813, 0.128589, 0.404364, 0.36986, 0.507214, 0, -0.00236148, 0.0278508, 0.395027, 0.0278508, -0.00513453, 0.0278508
0.944693, 0.379458, 0.128589, 0.404364, 0.178568, 0.507214, 0, 0.620549, 0.329036, 0.128589, 0.404364, 0.279413, 0.507214, 0, -0.00577713, 0.0161733, 0.00109071, 0.0161733, 0.00427797, 0.0161733
0.339534, 0.330363, 0.128589, 0.404364, 0.27676, 0.507214, 0, 0.361049, 0.327016, 0.128589, 0.404364, 0.283453, 0.507214, 0, 0.00526514, 0.01625, -0.00833449, 0.01625, 0.000895251, 0.01625
0.139497, 0.36148, 0.128589, 0.404364, 0.214526, 0.507214, 0, 0.788917, 0.260459, 0.128589, 0.404364, 0.416568, 0.507214, 0, -0.0303109, 0.0345108, -0.617028, 0.0345108, -0.191961, 0.0345108
0.244097, 0.345208, 0.128589, 0.404364, 0.247068, 0.507214, 0, 0.55032, 0.297574, 0.128589, 0.404364, 0.342338, 0.507214, 0, -0.00774386, 0.0214932, -0.183107, 0.0214932, 0.00339937, 0.0214932
0.61865, 0.328741, 0.128589, 0.404364, 0.280004, 0.507214, 0, 0.504139, 0.310928, 0.128589, 0.404364, 0.31563, 0.507214, 0, -0.00625212, 0.0184761, 0.0825368, 0.0184761, 0.00459575, 0.0184761
0.141882, 0.361108, 0.128589, 0.404364, 0.215268, 0.507214, 0, 0.580949, 0.292809, 0.128589, 0.404364, 0.351867, 0.507214, 0, 0.00534733, 0.0227782, -0.225939, 0.0227782, -0.00561766, 0.0227782
0.244268, 0.345182, 0.128589, 0.404364, 0.247121, 0.507214, 0, 0.61992, 0.286747, 0.128589, 0.404364, 0.363991, 0.507214, 0, -0.00402779, 0.0250841, -0.302803, 0.0250841, 0.0064079, 0.0250841
0.733765, 0.346647, 0.128589, 0.404364, 0.24419, 0.507214, 0, 0.601554, 0.326081, 0.128589, 0.404364, 0.285323, 0.507214, 0, 0.00697227, 0.0162092, -0.00622718, 0.0162092, -0.0060855, 0.0162092
0.751977, 0.34948, 0.128589, 0.404364, 0.238524, 0.507214, 0, 0.18871, 0.261861, 0.128589, 0.404364, 0.413763, 0.507214, 0, -0.0130375, 0.0298903, 0.463009, 0.0298903, 0.00780714, 0.0298903
0.966225, 0.382808, 0.128589, 0.404364, 0.17187, 0.507214, 0, 0.453711, 0.303083, 0.128589, 0.404364, 0.331318, 0.507214, 0, -0.00264033, 0.0207913, 0.159712, 0.0207913, 0.00853554, 0.0207913
0.234288, 0.346734, 0.128589, 0.404364, 0.244016, 0.507214, 0, 0.492425, 0.30658, 0.128589, 0.404364, 0.324326, 0.507214, 0, 0.00225869, 0.0184444, -0.0814812, 0.0184444, -0.0082721, 0.0184444
0.790172, 0.355422, 0.128589, 0.404364, 0.226641, 0.507214, 0, 0.599929, 0.325828, 0.128589, 0.404364, 0.285828, 0.507214, 0, 0.0041367, 0.0162495, 0.00831634, 0.0162495, 0.00239819, 0.0162495
0.0311367, 0.378336, 0.128589, 0.404364, 0.180814, 0.507214, 0, 0.687501, 0.276234, 0.128589, 0.404364, 0.385016, 0.507214, 0, -0.022074, 0.0286852, -0.422838, 0.0286852, -0.00337542, 0.0286852
0.930008, 0.377174, 0.128589, 0.404364, 0.183137, 0.507214, 0, 0.908794, 0.373874, 0.128589, 0.404364, 0.189737, 0.507214, 0, 0.00656129, 0.0162219, -0.00216752, 0.0162219, 0.00739581, 0.0162219
0.133133, 0.36247, 0.128589, 0.404364, 0.212546, 0.507214, 0, 0.189965, 0.353629, 0.128589, 0.404364, 0.230227, 0.507214, 0, -0.000600248, 0.0162533, 0.00176172, 0.0162533, 0.0084421, 0.0162533
0.842596, 0.363577, 0.128589, 0.404364, 0.210332, 0.507214, 0, 0.29221, 0.277961, 0.128589, 0.404364, 0.381563, 0.507214, 0, -0.00565597, 0.0287986, 0.42662, 0.0287986, -0.00850224, 0.0287986
0.138457, 0.361641, 0.128589, 0.404364, 0.214202, 0.507214, 0, 0.208496, 0.350746, 0.128589, 0.404364, 0.235992, 0.507214, 0, -0.00679847, 0.0162424, -0.0024137, 0.0162424, 0.00807996, 0.0162424
0.729627, 0.346004, 0.128589, 0.404364, 0.245478, 0.507214, 0, 0.220931, 0.266873, 0.128589, 0.404364, 0.403739, 0.507214, 0, -0.0152134, 0.0299133, 0.463778, 0.0299133, 0.00647592, 0.0299133
-0.0247914, 0.387035, 0.128589, 0.404364, 0.163414, 0.507214, 0, 0.569914, 0.294526, 0.128589, 0.404364, 0.348433, 0.507214, 0, -0.00968107, 0.0221448, -0.204827, 0.0221448, -0.00371082, 0.0221448
0.74899, 0.349016, 0.128589, 0.404364, 0.239454, 0.507214, 0, 0.360775, 0.288627, 0.128589, 0.404364, 0.360232, 0.507214, 0, -0.00307801, 0.0256848, 0.322826, 0.0256848, 0.00898816, 0.0256848
0.679845, 0.33826, 0.128589, 0.404364, 0.260965, 0.507214, 0, 0.461803, 0.304342, 0.128589, 0.404364, 0.328801, 0.507214, 0, -0.00722617, 0.0207198, 0.157327, 0.0207198, -0.00649051, 0.0207198
0.718447, 0.344265, 0.128589, 0.404364, 0.248956, 0.507214, 0, 0.392057, 0.293493, 0.128589, 0.404364, 0.3505, 0.507214, 0, 0.00184996, 0.0241659, 0.272196, 0.0241659, -0.000582146, 0.0241659
0.210036, 0.350507, 0.128589, 0.404364, 0.236472, 0.507214, 0, 0.398419, 0.321203, 0.128589, 0.404364, 0.295079, 0.507214, 0, -0.00157566, 0.0160473, 0.00130758, 0.0160473, -0.000833149, 0.0160473
0.658635, 0.33496, 0.128589, 0.404364, 0.267564, 0.507214, 0, 0.185038, 0.26129, 0.128589, 0.404364, 0.414905, 0.507214, 0, -0.0178288, 0.0304806, 0.482686, 0.0304806, -0.00930311, 0.0304806
-0.0801422, 0.395646, 0.128589, 0.404364, 0.146194, 0.507214, 0, 0.698155, 0.274577, 0.128589, 0.404364, 0.388331, 0.507214, 0, -0.0137868, 0.0292367, -0.441222, 0.0292367, 0.000528687, 0.0292367
0.937717, 0.378373, 0.128589, 0.404364, 0.180739, 0.507214, 0, 0.549948, 0.318053, 0.128589, 0.404364, 0.301378, 0.507214, 0, 0.00755441, 0.0162441, -0.00472821, 0.0162441, 0.00813711, 0.0162441
-0.0404902, 0.389478, 0.128589, 0.404364, 0.15853, 0.507214, 0, 0.746486, 0.267059, 0.128589, 0.404364, 0.403367, 0.507214, 0, -0.0207737, 0.0302147, -0.473823, 0.0302147, -0.00347479, 0.0302147
-0.00404583, 0.383808, 0.128589, 0.404364, 0.169868, 0.507214, 0, 0.150688, 0.359739, 0.128589, 0.404364, 0.218008, 0.507214, 0, 0.00729716, 0.0162935, 0.00801648, 0.0162935, 0.0097837, 0.0162935
0.888553, 0.370725, 0.128589, 0.404364, 0.196034, 0.507214, 0, 0.7923, 0.355753, 0.128589, 0.404364, 0.225979, 0.507214, 0, 0.00977512, 0.0162933, -0.00290019, 0.0162933, -0.00858786, 0.0162933
0.212679, 0.350096, 0.128589, 0.404364, 0.237294, 0.507214, 0, 0.253262, 0.343783, 0.128589, 0.404364, 0.24992, 0.507214, 0, 0.00120865, 0.0161581, -0.00527161, 0.0161581, -0.00137015, 0.0161581
0.354767, 0.327993, 0.128589, 0.404364, 0.281499, 0.507214, 0, 0.7741, 0.262764, 0.128589, 0.404364, 0.411958, 0.507214, 0, -0.0170862, 0.0329816, -0.566053, 0.0329816, -0.190344, 0.0329816
0.989788, 0.386473, 0.128589, 0.404364, 0.164539, 0.507214, 0, 0.321232, 0.282475, 0.128589, 0.404364, 0.372534, 0.507214, 0, -0.0026722, 0.0278177, 0.393922, 0.0278177, 0.00658149, 0.0278177
0.0866864, 0.369695, 0.128589, 0.404364, 0.198096, 0.507214, 0, 0.175698, 0.355848, 0.128589, 0.404364, 0.225788, 0.507214, 0, 0.00433074, 0.0162727, 0.00909061, 0.0162727, 0.00180803, 0.0162727
0.9881, 0.386211, 0.128589, 0.404364, 0.165064, 0.507214, 0, 0.614187, 0.328046, 0.128589, 0.404364, 0.281392, 0.507214, 0, -0.00252749, 0.0162811, 0.00937033, 0.0162811, 0.00278031, 0.0162811
0.868421, 0.367594, 0.128589, 0.404364, 0.202297, 0.507214, 0, 0.335411, 0.284681, 0.128589, 0.404364, 0.368123, 0.507214, 0, 0.00197727, 0.0270024, 0.366748, 0.0270024, 0.00713624, 0.0270024
0.237122, 0.346293, 0.128589, 0.404364, 0.244898, 0.507214, 0, 0.741715, 0.267801, 0.128589, 0.404364, 0.401883, 0.507214, 0, -0.0209546, 0.0305547, -0.485158, 0.0305547, 0.00186674, 0.0305547
-0.0219141, 0.386588, 0.128589, 0.404364, 0.164309, 0.507214, 0, 0.507269, 0.30427, 0.128589, 0.404364, 0.328944, 0.507214, 0, -0.0053029, 0.0190483, -0.101612, 0.0190483, -0.00257453, 0.0190483
0.143132, 0.360914, 0.128589, 0.404364, 0.215657, 0.507214, 0, 0.314052, 0.334326, 0.128589, 0.404364, 0.268832, 0.507214, 0, -0.00157726, 0.0162839, 0.00548449, 0.0162839, -0.00946297, 0.0162839
0.878201, 0.369115, 0.128589, 0.404364, 0.199255, 0.507214, 0, 0.713415, 0.343482, 0.128589, 0.404364, 0.250522, 0.507214, 0, 0.0016643, 0.016292, 0.00565503, 0.016292, -0.00973193, 0.016292
0.140522, 0.36132, 0.128589, 0.404364, 0.214845, 0.507214, 0, 0.68574, 0.276508, 0.128589, 0.404364, 0.384468, 0.507214, 0, -0.00387813, 0.0286497, -0.421656, 0.0286497, 0.00442227, 0.0286497
0.311353, 0.334746, 0.128589, 0.404364, 0.267992, 0.507214, 0, 0.389256, 0.322628, 0.128589, 0.404364, 0.292229, 0.507214, 0, -0.00184799, 0.0162036, -0.00678548, 0.0162036, -0.00129438, 0.0162036
0.286538, 0.338606, 0.128589, 0.404364, 0.260272, 0.507214, 0, 0.371702, 0.325359, 0.128589, 0.404364, 0.286767, 0.507214, 0, -0.00851707, 0.0162555, -0.00186611, 0.0162555, 0.00693271, 0.0162555
0.713125, 0.343437, 0.128589, 0.404364, 0.250612, 0.507214, 0, 0.250165, 0.271421, 0.128589, 0.404364, 0.394644, 0.507214, 0, -0.0164003, 0.0293912, 0.446375, 0.0293912, 0.00522854, 0.0293912
0.777215, 0.353406, 0.128589, 0.404364, 0.230673, 0.507214, 0, 0.555536, 0.318923, 0.128589, 0.404364, 0.299639, 0.507214, 0, 0.00780336, 0.0162341, -0.00197466, 0.0162341, -0.00325986, 0.0162341
1.01829, 0.390906, 0.128589, 0.404364, 0.155673, 0.507214, 0, 0.182925, 0.260961, 0.128589, 0.404364, 0.415563, 0.507214, 0, 0.0114912, 0.0287397, 0.424656, 0.0287397, 0.00459004, 0.0287397
0.800949, 0.357098, 0.128589, 0.404364, 0.223289, 0.507214, 0, 0.639837, 0.332036, 0.128589, 0.404364, 0.273413, 0.507214, 0, -0.00205768, 0.0162427, -0.00609975, 0.0162427, -0.00809077, 0.0162427
0.0975401, 0.368006, 0.128589, 0.404364, 0.201473, 0.507214, 0, 0.597393, 0.290251, 0.128589, 0.404364, 0.356983, 0.507214, 0, 0.00567878, 0.0237836, -0.259453, 0.0237836, 0.00537203, 0.0237836
1.05044, 0.395907, 0.128589, 0.404364, 0.14567, 0.507214, 0, 0.616165, 0.328354, 0.128589, 0.404364, 0.280777, 0.507214, 0, -0.00733427, 0.01622, -0.00501583, 0.01622, 0.00247646, 0.01622
-0.0825427, 0.396019, 0.128589, 0.404364, 0.145447, 0.507214, 0, 0.509399, 0.303939, 0.128589, 0.404364, 0.329606, 0.507214, 0, -0.00706595, 0.0191235, -0.104118, 0.0191235, -0.000518001, 0.0191235
0.97474, 0.384132, 0.128589, 0.404364, 0.16922, 0.507214, 0, 0.770938, 0.35243, 0.128589, 0.404364, 0.232626, 0.507214, 0, 0.00950925, 0.0162853, 0.000358149, 0.0162853, -0.00291895, 0.0162853
0.0556013, 0.37453, 0.128589, 0.404364, 0.188425, 0.507214, 0, 0.387975, 0.322827, 0.128589, 0.404364, 0.29183, 0.507214, 0, -0.00787219, 0.01628, -0.00933237, 0.01628, 0.00814341, 0.01628
0.841821, 0.363456, 0.128589, 0.404364, 0.210573, 0.507214, 0, 0.535427, 0.315795, 0.128589, 0.404364, 0.305896, 0.507214, 0, 0.00656345, 0.0163788, 0.0126267, 0.0163788, 0.00663304, 0.0163788
0.280869, 0.339488, 0.128589, 0.404364, 0.258508, 0.507214, 0, 0.747838, 0.266849, 0.128589, 0.404364, 0.403788, 0.507214, 0, -0.0206009, 0.0303799, -0.479329, 0.0303799, 0.00801838, 0.0303799
0.883867, 0.369996, 0.128589, 0.404364, 0.197492, 0.507214, 0, 0.737098, 0.347166, 0.128589, 0.404364, 0.243153, 0.507214, 0, 0.00728078, 0.0162439, -0.00812991, 0.0162439, 0.000737968, 0.0162439
0.645655, 0.332941, 0.128589, 0.404364, 0.271602, 0.507214, 0, 0.474148, 0.306262, 0.128589, 0.404364, 0.32496, 0.507214, 0, -0.00692188, 0.0194195, 0.113982, 0.0194195, 0.00903872, 0.0194195
-0.0438268, 0.389997, 0.128589, 0.404364, 0.157492, 0.507214, 0, 0.718595, 0.271398, 0.128589, 0.404364, 0.39469, 0.507214, 0, -0.000907101, 0.0296612, -0.455375, 0.0296612, -0.000457238, 0.0296612
0.92215, 0.375952, 0.128589, 0.404364, 0.185582, 0.507214, 0, 0.43807, 0.30065, 0.128589, 0.404364, 0.336184, 0.507214, 0, 0.0105541, 0.0218476, 0.194918, 0.0218476, -0.00533094, 0.0218476
0.344709, 0.329558, 0.128589, 0.404364, 0.27837, 0.507214, 0, 0.593322, 0.290884, 0.128589, 0.404364, 0.355716, 0.507214, 0, 0.000905471, 0.0235429, -0.25143, 0.0235429, 0.00228527, 0.0235429
0.33383, 0.33125, 0.128589, 0.404364, 0.274985, 0.507214, 0, 0.355588, 0.327865, 0.128589, 0.404364, 0.281754, 0.507214, 0, -0.00555156, 0.0162485, -0.00748251, 0.0162485, -0.00828465, 0.0162485
0.328508, 0.332078, 0.128589, 0.404364, 0.273329, 0.507214, 0, 0.447057, 0.313637, 0.128589, 0.404364, 0.310211, 0.507214, 0, -0.00961362, 0.0162884, -0.00478984, 0.0162884, -0.00788742, 0.0162884
0.913226, 0.374563, 0.128589, 0.404364, 0.188358, 0.507214, 0, 0.806868, 0.358019, 0.128589, 0.404364, 0.221447, 0.507214, 0, -0.00873739, 0.0162914, -0.00396599, 0.0162914, -0.0097134, 0.0162914
-0.0669648, 0.393596, 0.128589, 0.404364, 0.150293, 0.507214, 0, 0.0227644, 0.379638, 0.128589, 0.404364, 0.178209, 0.507214, 0, -0.00204819, 0.0162686, 0.00895416, 0.0162686, -2.89139e-05, 0.0162686
0.106911, 0.366549, 0.128589, 0.404364, 0.204388, 0.507214, 0, 0.307585, 0.335333, 0.128589, 0.404364, 0.26682, 0.507214, 0, -0.00496616, 0.016149, 0.000656167, 0.016149, -0.00494354, 0.016149
0.646594, 0.333087, 0.128589, 0.404364, 0.27131, 0.507214, 0, 0.284505, 0.276762, 0.128589, 0.404364, 0.38396, 0.507214, 0, -0.000190528, 0.0287145, 0.423816, 0.0287145, 0.00323881, 0.0287145
0.256329, 0.343306, 0.128589, 0.404364, 0.250874, 0.507214, 0, 0.48601, 0.307577, 0.128589, 0.404364, 0.32233, 0.507214, 0, 0.00660325, 0.0176477, -0.0549225, 0.0176477, 0.0094184, 0.0176477
0.726066, 0.34545, 0.128589, 0.404364, 0.246586, 0.507214, 0, 0.203384, 0.264144, 0.128589, 0.404364, 0.409198, 0.507214, 0, -0.00490196, 0.0300202, 0.467341, 0.0300202, 0.00690873, 0.0300202
0.0405736, 0.376868, 0.128589, 0.404364, 0.18375, 0.507214, 0, 0.317684, 0.333761, 0.128589, 0.404364, 0.269962, 0.507214, 0, -0.00898543, 0.0162696, 0.00478276, 0.0162696, -0.002214, 0.0162696
0.137372, 0.36181, 0.128589, 0.404364, 0.213865, 0.507214, 0, 0.797068, 0.259191, 0.128589, 0.404364, 0.419104, 0.507214, 0, -0.0132643, 0.0333878, -0.579595, 0.0333878, -0.204915, 0.0333878
-0.0346722, 0.388572, 0.128589, 0.404364, 0.16034, 0.507214, 0, 0.514073, 0.303212, 0.128589, 0.404364, 0.331061, 0.507214, 0, 0.00804867, 0.0190056, -0.100188, 0.0190056, 0.00934161, 0.0190056
0.674003, 0.337351, 0.128589, 0.404364, 0.262783, 0.507214, 0, 0.184835, 0.261258, 0.128589, 0.404364, 0.414969, 0.507214, 0, -0.00442937, 0.0304271, 0.480902, 0.0304271, -0.00168911, 0.0304271
0.0878672, 0.369511, 0.128589, 0.404364, 0.198463, 0.507214, 0, 0.795535, 0.259429, 0.128589, 0.404364, 0.418627, 0.507214, 0, -0.0115092, 0.0334446, -0.581487, 0.0334446, -0.203541, 0.0334446
0.910904, 0.374202, 0.128589, 0.404364, 0.189081, 0.507214, 0, 0.18896, 0.2619, 0.128589, 0.404364, 0.413685, 0.507214, 0, -0.00579281, 0.0300439, 0.468131, 0.0300439, -0.00712173, 0.0300439
0.145061, 0.360614, 0.128589, 0.404364, 0.216257, 0.507214, 0, 0.340516, 0.33021, 0.128589, 0.404364, 0.277065, 0.507214, 0, 0.00237369, 0.0161293, -0.000231875, 0.0161293, 0.00431017, 0.0161293
0.921286, 0.375817, 0.128589, 0.404364, 0.185851, 0.507214, 0, 0.694826, 0.34059, 0.128589, 0.404364, 0.256305, 0.507214, 0, -0.00642238, 0.0162666, -0.00888651, 0.0162666, -0.000119074, 0.0162666
0.716247, 0.343922, 0.128589, 0.404364, 0.24964, 0.507214, 0, 0.44436, 0.301629, 0.128589, 0.404364, 0.334227, 0.507214, 0, 0.00408977, 0.0215152, 0.18384, 0.0215152, -0.00370373, 0.0215152
0.762698, 0.351148, 0.128589, 0.404364, 0.235189, 0.507214, 0, 0.504645, 0.311006, 0.128589, 0.404364, 0.315472, 0.507214, 0, 0.0073239, 0.0184113, 0.0803752, 0.0184113, 0.00750151, 0.0184113
0.27299, 0.340714, 0.128589, 0.404364, 0.256057, 0.507214, 0, 0.319198, 0.333526, 0.128589, 0.404364, 0.270433, 0.507214, 0, -0.00523504, 0.0162538, -0.00846143, 0.0162538, 0.00562647, 0.0162538
0.777847, 0.353505, 0.128589, 0.404364, 0.230476, 0.507214, 0, 0.162761, 0.257824, 0.128589, 0.404364, 0.421836, 0.507214, 0, 0.000953796, 0.0301007, 0.470023, 0.0301007, 0.00785841, 0.0301007
0.617868, 0.328619, 0.128589, 0.404364, 0.280247, 0.507214, 0, 0.493605, 0.309289, 0.128589, 0.404364, 0.318907, 0.507214, 0, -0.000557139, 0.0187705, 0.0923498, 0.0187705, -0.00922524, 0.0187705
0.808776, 0.358316, 0.128589, 0.404364, 0.220854, 0.507214, 0, 0.312438, 0.281107, 0.128589, 0.404364, 0.37527, 0.507214, 0, -0.0148929, 0.0279654, 0.398848, 0.0279654, 0.00699112, 0.0279654
0.209766, 0.350549, 0.128589, 0.404364, 0.236387, 0.507214, 0, 0.220374, 0.348899, 0.128589, 0.404364, 0.239688, 0.507214, 0, -0.00249171, 0.0162687, 0.00501869, 0.0162687, 0.00895532, 0.0162687
-0.0568059, 0.392016, 0.128589, 0.404364, 0.153454, 0.507214, 0, 0.0575612, 0.374225, 0.128589, 0.404364, 0.189035, 0.507214, 0, -0.00321002, 0.016211, -0.00703173, 0.016211, 0.00196892, 0.016211
0.737835, 0.34728, 0.128589, 0.404364, 0.242924, 0.507214, 0, 0.588612, 0.324068, 0.128589, 0.404364, 0.289349, 0.507214, 0, 0.00359067, 0.0162699, -0.00899809, 0.0162699, -0.00133775, 0.0162699
1.00777, 0.389271, 0.128589, 0.404364, 0.158943, 0.507214, 0, 0.512069, 0.312161, 0.128589, 0.404364, 0.313162, 0.507214, 0, 0.0107141, 0.0176335, 0.0544487, 0.0176335, -0.00685803, 0.0176335
0.835097, 0.36241, 0.128589, 0.404364, 0.212665, 0.507214, 0, 0.733719, 0.34664, 0.128589, 0.404364, 0.244205, 0.507214, 0, 0.00221773, 0.0162715, -0.00611609, 0.0162715, 0.00904845, 0.0162715
-0.0474064, 0.390553, 0.128589, 0.404364, 0.156378, 0.507214, 0, 0.63283, 0.284739, 0.128589, 0.404364, 0.368007, 0.507214, 0, 0.00543137, 0.0255878, -0.319595, 0.0255878, -0.00958829, 0.0255878
0.797321, 0.356534, 0.128589, 0.404364, 0.224417, 0.507214, 0, 0.379608, 0.291556, 0.128589, 0.404364, 0.354373, 0.507214, 0, -0.00631222, 0.0245292, 0.284307, 0.0245292, -0.000429446, 0.0245292
0.220168, 0.348931, 0.128589, 0.404364, 0.239624, 0.507214, 0, 0.592537, 0.291007, 0.128589, 0.404364, 0.355472, 0.507214, 0, 0.00733384, 0.0234997, -0.24999, 0.0234997, -0.00671455, 0.0234997
0.0712853, 0.37209, 0.128589, 0.404364, 0.193305, 0.507214, 0, 0.195762, 0.352727, 0.128589, 0.404364, 0.232031, 0.507214, 0, 0.00229191, 0.0162796, -0.00104246, 0.0162796, 0.00932038, 0.0162796
0.277037, 0.340084, 0.128589, 0.404364, 0.257316, 0.507214, 0, 0.45056, 0.313092, 0.128589, 0.404364, 0.311301, 0.507214, 0, 0.0078452, 0.01624, -0.00800131, 0.01624, 0.00507555, 0.01624
0.133988, 0.362336, 0.128589, 0.404364, 0.212812, 0.507214, 0, 0.493454, 0.30642, 0.128589, 0.404364, 0.324646, 0.507214, 0, 0.00484212, 0.0183962, -0.0798718, 0.0183962, -0.00376117, 0.0183962
0.947229, 0.379853, 0.128589, 0.404364, 0.177779, 0.507214, 0, 0.30415, 0.279818, 0.128589, 0.404364, 0.377848, 0.507214, 0, -0.0134758, 0.0282815, 0.409383, 0.0282815, -0.00479933, 0.0282815
1.03656, 0.393749, 0.128589, 0.404364, 0.149987, 0.507214, 0, 1.00673, 0.389108, 0.128589, 0.404364, 0.159268, 0.507214, 0, 0.00972228, 0.0162917, -0.00799131, 0.0162917, 0.00316646, 0.0162917
0.880383, 0.369455, 0.128589, 0.404364, 0.198576, 0.507214, 0, 0.869142, 0.367706, 0.128589, 0.404364, 0.202073, 0.507214, 0, 0.00692859, 0.0162151, 0.00716907, 0.0162151, -0.000131987, 0.0162151
0.699446, 0.341309, 0.128589, 0.404364, 0.254867, 0.507214, 0, 0.633905, 0.331114, 0.128589, 0.404364, 0.275258, 0.507214, 0, 0.000227512, 0.0161173, -0.00390848, 0.0161173, 0.0011715, 0.0161173
0.794789, 0.35614, 0.128589, 0.404364, 0.225205, 0.507214, 0, 0.723387, 0.345033, 0.128589, 0.404364, 0.247419, 0.507214, 0, -0.00337781, 0.0161765, 0.00295432, 0.0161765, -0.00588208, 0.0161765
0.908343, 0.373804, 0.128589, 0.404364, 0.189877, 0.507214, 0, 0.845395, 0.364012, 0.128589, 0.404364, 0.209461, 0.507214, 0, -0.00865464, 0.0162596, -0.00758615, 0.0162596, 0.00800349, 0.0162596
0.644245, 0.332722, 0.128589, 0.404364, 0.272041, 0.507214, 0, 0.641745, 0.332333, 0.128589, 0.404364, 0.272819, 0.507214, 0, 0.00962427, 0.0162887, 0.00773499, 0.0162887, 0.00426473, 0.0162887
0.120905, 0.364372, 0.128589, 0.404364, 0.208742, 0.507214, 0, 0.800175, 0.258707, 0.128589, 0.404364, 0.42007, 0.507214, 0, -0.017123, 0.0342559, -0.608528, 0.0342559, -0.201745, 0.0342559
0.109662, 0.36612, 0.128589, 0.404364, 0.205244, 0.507214, 0, 0.691417, 0.275625, 0.128589, 0.404364, 0.386234, 0.507214, 0, -0.0164713, 0.0288074, -0.426914, 0.0288074, 5.92944e-05, 0.0288074
0.660475, 0.335247, 0.128589, 0.404364, 0.266992, 0.507214, 0, 0.42151, 0.298074, 0.128589, 0.404364, 0.341337, 0.507214, 0, 0.00504036, 0.0223963, 0.213211, 0.0223963, -0.00316207, 0.0223963
0.970444, 0.383464, 0.128589, 0.404364, 0.170557, 0.507214, 0, 0.713647, 0.343518, 0.128589, 0.404364, 0.250449, 0.507214, 0, 0.00506677, 0.0162574, -0.00857846, 0.0162574, 0.00815764, 0.0162574
0.068771, 0.372481, 0.128589, 0.404364, 0.192522, 0.507214, 0, 0.305852, 0.335602, 0.128589, 0.404364, 0.266281, 0.507214, 0, 0.00633456, 0.0162391, -0.00797124, 0.0162391, -0.000475267, 0.0162391
0.938236, 0.378454, 0.128589, 0.404364, 0.180577, 0.507214, 0, 0.908829, 0.373879, 0.128589, 0.404364, 0.189726, 0.507214, 0, -0.00368744, 0.0161106, 0.00196422, 0.0161106, 0.000217851, 0.0161106
0.231075, 0.347234, 0.128589, 0.404364, 0.243017, 0.507214, 0, 0.715338, 0.271904, 0.128589, 0.404364, 0.393677, 0.507214, 0, -0.0136755, 0.0298047, -0.460158, 0.0298047, -0.00291553, 0.0298047
0.287549, 0.338449, 0.128589, 0.404364, 0.260587, 0.507214, 0, 0.459585, 0.311688, 0.128589, 0.404364, 0.314109, 0.507214, 0, 0.00604393, 0.016279, -0.00471919, 0.016279, 0.0092985, 0.016279
0.686372, 0.339275, 0.128589, 0.404364, 0.258935, 0.507214, 0, 0.396759, 0.294224, 0.128589, 0.404364, 0.349037, 0.507214, 0, 0.00263781, 0.0239639, 0.265464, 0.0239639, 0.0021087, 0.0239639
0.740608, 0.347712, 0.128589, 0.404364, 0.242061, 0.507214, 0, 0.617151, 0.328507, 0.128589, 0.404364, 0.28047, 0.507214, 0, -0.00349121, 0.0161047, -0.00156996, 0.0161047, -0.000513186, 0.0161047
-0.0422148, 0.389746, 0.128589, 0.404364, 0.157993, 0.507214, 0, 0.270455, 0.341108, 0.128589, 0.404364, 0.255268, 0.507214, 0, -0.0064979, 0.0162825, -0.00386145, 0.0162825, -0.00941529, 0.0162825
1.04361, 0.394845, 0.128589, 0.404364, 0.147794, 0.507214, 0, 0.251782, 0.271672, 0.128589, 0.404364, 0.394141, 0.507214, 0, -0.0126017, 0.0295657, 0.452191, 0.0295657, -0.00148864, 0.0295657
-0.0814034, 0.395842, 0.128589, 0.404364, 0.145801, 0.507214, 0, 0.684836, 0.276649, 0.128589, 0.404364, 0.384187, 0.507214, 0, -0.00321914, 0.0283999, -0.41333, 0.0283999, -0.0031549, 0.0283999
0.13371, 0.36238, 0.128589, 0.404364, 0.212726, 0.507214, 0, 0.692865, 0.2754, 0.128589, 0.404364, 0.386685, 0.507214, 0, -0.0100483, 0.0294288, -0.447626, 0.0294288, -0.00287609, 0.0294288
0.235668, 0.34652, 0.128589, 0.404364, 0.244446, 0.507214, 0, 0.381193, 0.323882, 0.128589, 0.404364, 0.28972, 0.507214, 0, 0.00506255, 0.0162275, 0.00121464, 0.0162275, 0.00758231, 0.0162275
0.743734, 0.348198, 0.128589, 0.404364, 0.241089, 0.507214, 0, 0.320533, 0.282367, 0.128589, 0.404364, 0.372751, 0.507214, 0, 0.00464056, 0.0276923, 0.389745, 0.0276923, -0.00834354, 0.0276923
0.305807, 0.335609, 0.128589, 0.404364, 0.266267, 0.507214, 0, 0.497069, 0.305857, 0.128589, 0.404364, 0.325771, 0.507214, 0, 0.00216512, 0.0180425, -0.0680847, 0.0180425, 0.00343864, 0.0180425
0.895657, 0.371831, 0.128589, 0.404364, 0.193824, 0.507214, 0, 0.555346, 0.318893, 0.128589, 0.404364, 0.299699, 0.507214, 0, -0.00102842, 0.01629, -0.00966629, 0.01629, 0.0052049, 0.01629
0.719209, 0.344383, 0.128589, 0.404364, 0.248719, 0.507214, 0, 0.495277, 0.309549, 0.128589, 0.404364, 0.318387, 0.507214, 0, -0.0070408, 0.0187351, 0.0911708, 0.0187351, 0.00431708, 0.0187351
0.0596929, 0.373893, 0.128589, 0.404364, 0.189698, 0.507214, 0, 0.464005, 0.311, 0.128589, 0.404364, 0.315484, 0.507214, 0, 0.00817439, 0.0169653, -0.0321775, 0.0169653, 0.00938039, 0.0169653
0.112533, 0.365674, 0.128589, 0.404364, 0.206137, 0.507214, 0, 0.750916, 0.26637, 0.128589, 0.404364, 0.404745, 0.507214, 0, -0.0194781, 0.0304246, -0.48082, 0.0304246, 0.00477963, 0.0304246
0.0154269, 0.380779, 0.128589, 0.404364, 0.175926, 0.507214, 0, 0.0552948, 0.374578, 0.128589, 0.404364, 0.18833, 0.507214, 0, -0.0099891, 0.0162997, -0.00546111, 0.0162997, -0.00665565, 0.0162997
1.00743, 0.389217, 0.128589, 0.404364, 0.15905, 0.507214, 0, 0.771321, 0.352489, 0.128589, 0.404364, 0.232506, 0.507214, 0, -0.00761442, 0.0162284, 0.000111428, 0.0162284, 0.000776881, 0.0162284
0.904821, 0.373256, 0.128589, 0.404364, 0.190973, 0.507214, 0, 0.85115, 0.364907, 0.128589, 0.404364, 0.207671, 0.507214, 0, -0.0019131, 0.0161869, -0.0062315, 0.0161869, 0.00590137, 0.0161869
0.990991, 0.38666, 0.128589, 0.404364, 0.164164, 0.507214, 0, 0.506759, 0.311335, 0.128589, 0.404364, 0.314814, 0.507214, 0, 0.00553534, 0.018335, 0.0778334, 0.018335, 0.00444354, 0.018335
0.760992, 0.350883, 0.128589, 0.404364, 0.23572, 0.507214, 0, 0.508271, 0.31157, 0.128589, 0.404364, 0.314344, 0.507214, 0, -0.00219123, 0.0182113, 0.0737086, 0.0182113, -0.00555215, 0.0182113
0.970742, 0.38351, 0.128589, 0.404364, 0.170464, 0.507214, 0, 0.662023, 0.335487, 0.128589, 0.404364, 0.26651, 0.507214, 0, -0.00862124, 0.0162586, -0.00819374, 0.0162586, 0.00736589, 0.0162586
1.00436, 0.38874, 0.128589, 0.404364, 0.160005, 0.507214, 0, 0.805683, 0.357835, 0.128589, 0.404364, 0.221816, 0.507214, 0, -0.0068216, 0.0162156, 0.00718606, 0.0162156, -0.0053212, 0.0162156
0.0817857, 0.370457, 0.128589, 0.404364, 0.196571, 0.507214, 0, 0.521286, 0.30209, 0.128589, 0.404364, 0.333305, 0.507214, 0, -0.00659443, 0.0197596, -0.12532, 0.0197596, 0.00337182, 0.0197596
0.189221, 0.353745, 0.128589, 0.404364, 0.229996, 0.507214, 0, 0.778304, 0.262109, 0.128589, 0.404364, 0.413266, 0.507214, 0, -0.0207691, 0.032991, -0.566367, 0.032991, -0.209195, 0.032991
0.209141, 0.350646, 0.128589, 0.404364, 0.236193, 0.507214, 0, 0.632544, 0.284783, 0.128589, 0.404364, 0.367918, 0.507214, 0, -0.00363938, 0.0257963, -0.326544, 0.0257963, 0.00842828, 0.0257963
0.927391, 0.376767, 0.128589, 0.404364, 0.183951, 0.507214, 0, 0.276056, 0.275448, 0.128589, 0.404364, 0.386589, 0.507214, 0, -0.0101488, 0.0290069, 0.433564, 0.0290069, -0.00523218, 0.0290069
0.975158, 0.384197, 0.128589, 0.404364, 0.16909, 0.507214, 0, 0.318986, 0.282126, 0.128589, 0.404364, 0.373233, 0.507214, 0, -0.0111407, 0.0282578, 0.408592, 0.0282578, 0.00252973, 0.0282578
0.856854, 0.365794, 0.128589, 0.404364, 0.205896, 0.507214, 0, 0.818929, 0.359895, 0.128589, 0.404364, 0.217695, 0.507214, 0, 0.00117162, 0.0162114, -0.00704644, 0.0162114, 0.000291194, 0.0162114
0.805263, 0.357769, 0.128589, 0.404364, 0.221947, 0.507214, 0, 0.16571, 0.258283, 0.128589, 0.404364, 0.420919, 0.507214, 0, -0.00480909, 0.0309418, 0.49806, 0.0309418, -0.0017489, 0.0309418
0.968678, 0.383189, 0.128589, 0.404364, 0.171106, 0.507214, 0, 0.865926, 0.367206, 0.128589, 0.404364, 0.203074, 0.507214, 0, 0.00434859, 0.0161305, 0.000910603, 0.0161305, -0.000137085, 0.0161305
0.96035, 0.381894, 0.128589, 0.404364, 0.173697, 0.507214, 0, 0.606861, 0.326907, 0.128589, 0.404364, 0.283672, 0.507214, 0, -0.0019229, 0.0162905, 0.00238191, 0.0162905, 0.00968235, 0.0162905
0.199833, 0.352094, 0.128589, 0.404364, 0.233297, 0.507214, 0, 0.656978, 0.280982, 0.128589, 0.404364, 0.37552, 0.507214, 0, -0.00756731, 0.0274519, -0.38173, 0.0274519, 0.0054274, 0.0274519
1.03924, 0.394166, 0.128589, 0.404364, 0.149153, 0.507214, 0, 0.289038, 0.277468, 0.128589, 0.404364, 0.38255, 0.507214, 0, -0.0117163, 0.0287726, 0.425754, 0.0287726, -0.00355235, 0.0287726
0.792478, 0.35578, 0.128589, 0.404364, 0.225924, 0.507214, 0, 0.604331, 0.326513, 0.128589, 0.404364, 0.284459, 0.507214, 0, 0.00229323, 0.0161663, 0.00554198, 0.0161663, -0.00342871, 0.0161663
0.308914, 0.335126, 0.128589, 0.404364, 0.267234, 0.507214, 0, 0.500349, 0.305347, 0.128589, 0.404364, 0.326791, 0.507214, 0, 0.00782037, 0.0180897, -0.0696557, 0.0180897, 0.00902977, 0.0180897
0.920212, 0.37565, 0.128589, 0.404364, 0.186185, 0.507214, 0, 0.35384, 0.287548, 0.128589, 0.404364, 0.362389, 0.507214, 0, -0.00710935, 0.0262123, 0.34041, 0.0262123, -0.00435844, 0.0262123
0.109963, 0.366074, 0.128589, 0.404364, 0.205338, 0.507214, 0, 0.730851, 0.269491, 0.128589, 0.404364, 0.398503, 0.507214, 0, -0.030415, 0.0334748, -0.582495, 0.0334748, -0.194386, 0.0334748
0.810434, 0.358574, 0.128589, 0.404364, 0.220338, 0.507214, 0, 0.713323, 0.343467, 0.128589, 0.404364, 0.25055, 0.507214, 0, -0.00143379, 0.0161079, -0.00359679, 0.0161079, -0.00286823, 0.0161079
0.158508, 0.358522, 0.128589, 0.404364, 0.220441, 0.507214, 0, 0.202534, 0.351674, 0.128589, 0.404364, 0.234138, 0.507214, 0, 0.00867504, 0.016281, 0.00936518, 0.016281, -0.00664648, 0.016281
0.169948, 0.356743, 0.128589, 0.404364, 0.224, 0.507214, 0, 0.419604, 0.317907, 0.128589, 0.404364, 0.301671, 0.507214, 0, 0.000258833, 0.0162422, -0.002544, 0.0162422, -0.00807455, 0.0162422
0.930955, 0.377321, 0.128589, 0.404364, 0.182842, 0.507214, 0, 0.722387, 0.344877, 0.128589, 0.404364, 0.24773, 0.507214, 0, 0.00745603, 0.0162237, -5.1513e-05, 0.0162237, 0.00389232, 0.0162237
0.131371, 0.362744, 0.128589, 0.404364, 0.211998, 0.507214, 0, 0.607215, 0.288723, 0.128589, 0.404364, 0.360038, 0.507214, 0, -0.00637062, 0.024386, -0.279532, 0.024386, -0.00821316, 0.024386
0.860645, 0.366384, 0.128589, 0.404364, 0.204717, 0.507214, 0, 0.212956, 0.265633, 0.128589, 0.404364, 0.40622, 0.507214, 0, -0.00397931, 0.0299832, 0.466106, 0.0299832, 0.000467526, 0.0299832
0.85739, 0.365878, 0.128589, 0.404364, 0.205729, 0.507214, 0, 0.229948, 0.268276, 0.128589, 0.404364, 0.400933, 0.507214, 0, -0.00184312, 0.0295181, 0.450603, 0.0295181, 0.00933576, 0.0295181
-0.00494713, 0.383949, 0.128589, 0.404364, 0.169588, 0.507214, 0, 0.0480531, 0.375704, 0.128589, 0.404364, 0.186077, 0.507214, 0, -0.00143601, 0.0160997, 0.00293928, 0.0160997, -0.00332375, 0.0160997
0.265233, 0.341921, 0.128589, 0.404364, 0.253644, 0.507214, 0, 0.27488, 0.34042, 0.128589, 0.404364, 0.256645, 0.507214, 0, -0.00729833, 0.0162542, -0.00847279, 0.0162542, 0.00496158, 0.0162542
0.317913, 0.333726, 0.128589, 0.404364, 0.270033, 0.507214, 0, 0.728803, 0.26981, 0.128589, 0.404364, 0.397866, 0.507214, 0, -0.0141547, 0.030468, -0.482266, 0.030468, -0.00570522, 0.030468
0.110189, 0.366039, 0.128589, 0.404364, 0.205408, 0.507214, 0, 0.128755, 0.36315, 0.128589, 0.404364, 0.211184, 0.507214, 0, -6.70133e-05, 0.0162861, 0.00407914, 0.0162861, 0.0095382, 0.0162861
0.817991, 0.359749, 0.128589, 0.404364, 0.217987, 0.507214, 0, 0.731266, 0.346259, 0.128589, 0.404364, 0.244968, 0.507214, 0, -0.00790798, 0.0162372, 0.00631631, 0.0162372, -0.00385618, 0.0162372
0.766053, 0.35167, 0.128589, 0.404364, 0.234145, 0.507214, 0, 0.209566, 0.265105, 0.128589, 0.404364, 0.407274, 0.507214, 0, -0.0120183, 0.0294442, 0.448142, 0.0294442, -0.00608534, 0.0294442
0.0214717, 0.379839, 0.128589, 0.404364, 0.177807, 0.507214, 0, 0.680985, 0.277248, 0.128589, 0.404364, 0.382989, 0.507214, 0, -0.0108956, 0.0284931, -0.416438, 0.0284931, -0.00638057, 0.0284931
0.925042, 0.376402, 0.128589, 0.404364, 0.184682, 0.507214, 0, 0.560398, 0.319679, 0.128589, 0.404364, 0.298127, 0.507214, 0, 0.0030236, 0.0162168, -0.00599464, 0.0162168, -0.00722547, 0.0162168
0.230014, 0.347399, 0.128589, 0.404364, 0.242687, 0.507214, 0, 0.40313, 0.32047, 0.128589, 0.404364, 0.296545, 0.507214, 0, 0.00756064, 0.0162268, 0.00346016, 0.0162268, -0.00106268, 0.0162268
1.04434, 0.394958, 0.128589, 0.404364, 0.147568, 0.507214, 0, 0.782531, 0.354233, 0.128589, 0.404364, 0.229019, 0.507214, 0, -0.00378822, 0.0162583, 0.00860961, 0.0162583, -0.00458198, 0.0162583
0.100826, 0.367495, 0.128589, 0.404364, 0.202495, 0.507214, 0, 0.672063, 0.278636, 0.128589, 0.404364, 0.380213, 0.507214, 0, -0.0178747, 0.0277782, -0.392607, 0.0277782, 0.00167881, 0.0277782
0.0560799, 0.374456, 0.128589, 0.404364, 0.188574, 0.507214, 0, 0.718226, 0.271455, 0.128589, 0.404364, 0.394575, 0.507214, 0, -0.0058179, 0.0298875, -0.462916, 0.0298875, 0.00200462, 0.0298875
0.0342705, 0.377848, 0.128589, 0.404364, 0.181789, 0.507214, 0, 0.752333, 0.266149, 0.128589, 0.404364, 0.405186, 0.507214, 0, -0.0263287, 0.0305896, -0.486319, 0.0305896, -0.00120716, 0.0305896
0.611281, 0.327594, 0.128589, 0.404364, 0.282296, 0.507214, 0, 0.284446, 0.276753, 0.128589, 0.404364, 0.383979, 0.507214, 0, 5.88198e-05, 0.028952, 0.431733, 0.028952, 0.00771929, 0.028952
0.869241, 0.367721, 0.128589, 0.404364, 0.202042, 0.507214, 0, 0.376154, 0.291019, 0.128589, 0.404364, 0.355447, 0.507214, 0, -0.0088384, 0.0249985, 0.299949, 0.0249985, 0.00906343, 0.0249985
0.304072, 0.335879, 0.128589, 0.404364, 0.265727, 0.507214, 0, 0.619613, 0.286795, 0.128589, 0.404364, 0.363896, 0.507214, 0, 0.0037563, 0.0251719, -0.305729, 0.0251719, 0.00217769, 0.0251719
0.809998, 0.358506, 0.128589, 0.404364, 0.220473, 0.507214, 0, 0.652203, 0.33396, 0.128589, 0.404364, 0.269565, 0.507214, 0, -0.00488794, 0.0162901, -0.00849868, 0.0162901, 0.00967108, 0.0162901
0.636234, 0.331476, 0.128589, 0.404364, 0.274534, 0.507214, 0, 0.18956, 0.261993, 0.128589, 0.404364, 0.413499, 0.507214, 0, -0.0124553, 0.0305595, 0.485315, 0.0305595, 0.00767444, 0.0305595
1.02875, 0.392534, 0.128589, 0.404364, 0.152417, 0.507214, 0, 0.582294, 0.323085, 0.128589, 0.404364, 0.291315, 0.507214, 0, -0.00719885, 0.0162882, -0.00960671, 0.0162882, 0.00806103, 0.0162882
0.669038, 0.336579, 0.128589, 0.404364, 0.264328, 0.507214, 0, 0.209459, 0.265089, 0.128589, 0.404364, 0.407308, 0.507214, 0, -0.00114751, 0.0296354, 0.454512, 0.0296354, -0.00173025, 0.0296354
0.793285, 0.355906, 0.128589, 0.404364, 0.225673, 0.507214, 0, 0.695822, 0.340745, 0.128589, 0.404364, 0.255995, 0.507214, 0, 0.00266459, 0.0162746, 0.0051185, 0.0162746, 0.00915222, 0.0162746
0.984273, 0.385615, 0.128589, 0.404364, 0.166255, 0.507214, 0, 0.781386, 0.354055, 0.128589, 0.404364, 0.229375, 0.507214, 0, -0.00592302, 0.0162467, 0.00111512, 0.0162467, 0.00822325, 0.0162467
0.722881, 0.344954, 0.128589, 0.404364, 0.247577, 0.507214, 0, 0.331466, 0.284067, 0.128589, 0.404364, 0.36935, 0.507214, 0, -0.00927033, 0.0272759, 0.375864, 0.0272759, 0.00931104, 0.0272759
0.151088, 0.359677, 0.128589, 0.404364, 0.218132, 0.507214, 0, 0.271937, 0.340878, 0.128589, 0.404364, 0.255729, 0.507214, 0, 0.0047908, 0.0162458, -0.00819479, 0.0162458, 0.00293298, 0.0162458
0.987064, 0.386049, 0.128589, 0.404364, 0.165386, 0.507214, 0, 0.218586, 0.266508, 0.128589, 0.404364, 0.404468, 0.507214, 0, -0.00750266, 0.0295214, 0.450715, 0.0295214, -0.00820068, 0.0295214
0.901363, 0.372718, 0.128589, 0.404364, 0.192049, 0.507214, 0, 0.621328, 0.329157, 0.128589, 0.404364, 0.279171, 0.507214, 0, 0.0060712, 0.0162845, -0.00948341, 0.0162845, 0.00437735, 0.0162845
0.87672, 0.368885, 0.128589, 0.404364, 0.199716, 0.507214, 0, 0.304839, 0.279926, 0.128589, 0.404364, 0.377634, 0.507214, 0, -0.0117503, 0.0287064, 0.423548, 0.0287064, -0.000851309, 0.0287064
1.00372, 0.38864, 0.128589, 0.404364, 0.160205, 0.507214, 0, 0.34709, 0.286498, 0.128589, 0.404364, 0.364489, 0.507214, 0, -0.00951594, 0.0264589, 0.348629, 0.0264589, -0.00405959, 0.0264589
0.845111, 0.363968, 0.128589, 0.404364, 0.209549, 0.507214, 0, 0.606948, 0.32692, 0.128589, 0.404364, 0.283644, 0.507214, 0, -0.00561312, 0.0162335, 0.00778366, 0.0162335, -0.00151336, 0.0162335
0.894687, 0.37168, 0.128589, 0.404364, 0.194126, 0.507214, 0, 0.7344, 0.346746, 0.128589, 0.404364, 0.243993, 0.507214, 0, 0.00873477, 0.016262, -0.000627015, 0.016262, -0.00466357, 0.016262
0.0555386, 0.37454, 0.128589, 0.404364, 0.188406, 0.507214, 0, 0.567083, 0.294966, 0.128589, 0.404364, 0.347553, 0.507214, 0, -0.00487934, 0.0222435, -0.208116, 0.0222435, 0.00669686, 0.0222435
0.0685439, 0.372517, 0.128589, 0.404364, 0.192452, 0.507214, 0, 0.470026, 0.310064, 0.128589, 0.404364, 0.317357, 0.507214, 0, 0.00425726, 0.0170069, -0.0335619, 0.0170069, -0.00521016, 0.0170069
0.992632, 0.386915, 0.128589, 0.404364, 0.163654, 0.507214, 0, 0.863238, 0.366788, 0.128589, 0.404364, 0.20391, 0.507214, 0, 0.00801413, 0.0162504, 0.0023074, 0.0162504, -0.00834569, 0.0162504
0.828538, 0.36139, 0.128589, 0.404364, 0.214706, 0.507214, 0, 0.315807, 0.281632, 0.128589, 0.404364, 0.374222, 0.507214, 0, -0.00991955, 0.0281002, 0.40334, 0.0281002, 0.00502766, 0.0281002
0.0054994, 0.382324, 0.128589, 0.404364, 0.172838, 0.507214, 0, 0.560007, 0.296067, 0.128589, 0.404364, 0.345351, 0.507214, 0, 0.00964988, 0.0216842, -0.189473, 0.0216842, -0.00357677, 0.0216842
0.993066, 0.386983, 0.128589, 0.404364, 0.163519, 0.507214, 0, 0.928143, 0.376884, 0.128589, 0.404364, 0.183717, 0.507214, 0, -0.00230181, 0.016135, -0.00348854, 0.016135, -0.00450091, 0.016135
0.958631, 0.381627, 0.128589, 0.404364, 0.174232, 0.507214, 0, 0.923648, 0.376185, 0.128589, 0.404364, 0.185116, 0.507214, 0, -0.00759071, 0.0162655, 0.00884925, 0.0162655, 0.00430562, 0.0162655
0.293453, 0.337531, 0.128589, 0.404364, 0.262423, 0.507214, 0, 0.537692, 0.299538, 0.128589, 0.404364, 0.338409, 0.507214, 0, 0.000543622, 0.0206633, -0.155445, 0.0206633, 0.00861749, 0.0206633
0.782893, 0.354289, 0.128589, 0.404364, 0.228906, 0.507214, 0, 0.310797, 0.280852, 0.128589, 0.404364, 0.37578, 0.507214, 0, 0.00047126, 0.0285263, 0.417543, 0.0285263, -0.00806356, 0.0285263
0.832128, 0.361948, 0.128589, 0.404364, 0.213589, 0.507214, 0, 0.638739, 0.331865, 0.128589, 0.404364, 0.273754, 0.507214, 0, 0.00351171, 0.0161106, -0.00368538, 0.0161106, 0.000440324, 0.0161106
0.241898, 0.34555, 0.128589, 0.404364, 0.246384, 0.507214, 0, 0.536476, 0.299727, 0.128589, 0.404364, 0.338031, 0.507214, 0, 0.00617964, 0.0205337, -0.151123, 0.0205337, -0.000889209, 0.0205337
-0.0325989, 0.38825, 0.128589, 0.404364, 0.160985, 0.507214, 0, 0.67056, 0.27887, 0.128589, 0.404364, 0.379745, 0.507214, 0, -0.00838566, 0.0276896, -0.389654, 0.0276896, -0.00352481, 0.0276896
-0.0458887, 0.390317, 0.128589, 0.404364, 0.15685, 0.507214, 0, 0.40389, 0.320352, 0.128589, 0.404364, 0.296781, 0.507214, 0, 0.000387957, 0.0162196, -0.00370596, 0.0162196, -0.00732048, 0.0162196
0.235032, 0.346619, 0.128589, 0.404364, 0.244248, 0.507214, 0, 0.577272, 0.293381, 0.128589, 0.404364, 0.350723, 0.507214, 0, 0.00516623, 0.0230522, -0.235075, 0.0230522, 0.00201632, 0.0230522
0.165489, 0.357436, 0.128589, 0.404364, 0.222612, 0.507214, 0, 0.314099, 0.334319, 0.128589, 0.404364, 0.268847, 0.507214, 0, 0.00188602, 0.0162161, -0.00357109, 0.0162161, -0.00720379, 0.0162161
-0.0653318, 0.393342, 0.128589, 0.404364, 0.150801, 0.507214, 0, 0.720469, 0.271106, 0.128589, 0.404364, 0.395273, 0.507214, 0, -0.00381675, 0.0300652, -0.46884, 0.0300652, -0.00144665, 0.0300652
0.988359, 0.386251, 0.128589, 0.404364, 0.164983, 0.507214, 0, 0.977196, 0.384514, 0.128589, 0.404364, 0.168456, 0.507214, 0, -0.00978289, 0.0162935, -0.00643539, 0.0162935, -0.00140942, 0.0162935
0.303127, 0.336026, 0.128589, 0.404364, 0.265433, 0.507214, 0, 0.568143, 0.294801, 0.128589, 0.404364, 0.347882, 0.507214, 0, 0.00309151, 0.0224734, -0.215781, 0.0224734, -0.000756289, 0.0224734
1.03046, 0.392801, 0.128589, 0.404364, 0.151884, 0.507214, 0, 0.346694, 0.286436, 0.128589, 0.404364, 0.364613, 0.507214, 0, 0.00827564, 0.0265565, 0.351884, 0.0265565, 0.0070244, 0.0265565
0.0795087, 0.370811, 0.128589, 0.404364, 0.195863, 0.507214, 0, 0.117465, 0.364907, 0.128589, 0.404364, 0.207672, 0.507214, 0, 0.001696, 0.016281, -0.00417027, 0.016281, -0.00936822, 0.016281
-0.0843043, 0.396293, 0.128589, 0.404364, 0.144899, 0.507214, 0, -0.0286375, 0.387634, 0.128589, 0.404364, 0.162217, 0.507214, 0, -0.00691339, 0.016288, -0.00102445, 0.016288, 0.00959999, 0.016288
0.833808, 0.36221, 0.128589, 0.404364, 0.213066, 0.507214, 0, 0.290512, 0.277697, 0.128589, 0.404364, 0.382091, 0.507214, 0, -0.00680928, 0.0286854, 0.422847, 0.0286854, -0.00899583, 0.0286854
0.923221, 0.376118, 0.128589, 0.404364, 0.185249, 0.507214, 0, 0.434951, 0.300165, 0.128589, 0.404364, 0.337155, 0.507214, 0, 0.00543338, 0.0219843, 0.199478, 0.0219843, 0.00110115, 0.0219843
0.698076, 0.341096, 0.128589, 0.404364, 0.255294, 0.507214, 0, 0.294938, 0.278385, 0.128589, 0.404364, 0.380714, 0.507214, 0, 0.00046519, 0.0290283, 0.434278, 0.0290283, 0.00262227, 0.0290283
1.0221, 0.3915, 0.128589, 0.404364, 0.154485, 0.507214, 0, 0.47854, 0.306946, 0.128589, 0.404364, 0.323594, 0.507214, 0, 0.00476523, 0.0194038, 0.113459, 0.0194038, -0.0013457, 0.0194038
0.668883, 0.336555, 0.128589, 0.404364, 0.264376, 0.507214, 0, 0.617332, 0.328536, 0.128589, 0.404364, 0.280414, 0.507214, 0, 0.00884802, 0.0162979, 0.00993133, 0.0162979, -0.00486194, 0.0162979
0.131968, 0.362651, 0.128589, 0.404364, 0.212184, 0.507214, 0, 0.484489, 0.307814, 0.128589, 0.404364, 0.321857, 0.507214, 0, 0.00757651, 0.0177416, -0.0580542, 0.0177416, 0.00356466, 0.0177416
0.959252, 0.381723, 0.128589, 0.404364, 0.174039, 0.507214, 0, 0.246951, 0.270921, 0.128589, 0.404364, 0.395644, 0.507214, 0, -0.00658892, 0.0297881, 0.459604, 0.0297881, -0.00100963, 0.0297881
0.614682, 0.328123, 0.128589, 0.404364, 0.281238, 0.507214, 0, 0.45935, 0.30396, 0.128589, 0.404364, 0.329564, 0.507214, 0, 0.00586747, 0.0203044, 0.143479, 0.0203044, 0.000295891, 0.0203044
0.709885, 0.342933, 0.128589, 0.404364, 0.25162, 0.507214, 0, 0.436386, 0.300388, 0.128589, 0.404364, 0.336708, 0.507214, 0, -0.00117466, 0.0215777, 0.185923, 0.0215777, 0.000967335, 0.0215777
0.256022, 0.343353, 0.128589, 0.404364, 0.250778, 0.507214, 0, 0.622808, 0.286298, 0.128589, 0.404364, 0.36489, 0.507214, 0, -0.0116705, 0.0254874, -0.316248, 0.0254874, -0.00374853, 0.0254874
0.801604, 0.3572, 0.128589, 0.404364, 0.223085, 0.507214, 0, 0.22343, 0.267262, 0.128589, 0.404364, 0.402961, 0.507214, 0, -0.0106623, 0.0299929, 0.46643, 0.0299929, 0.00642892, 0.0299929
0.723757, 0.345091, 0.128589, 0.404364, 0.247304, 0.507214, 0, 0.24157, 0.270084, 0.128589, 0.404364, 0.397318, 0.507214, 0, -0.0127175, 0.0296922, 0.456408, 0.0296922, -0.00472176, 0.0296922
0.249975, 0.344294, 0.128589, 0.404364, 0.248897, 0.507214, 0, 0.392442, 0.322132, 0.128589, 0.404364, 0.29322, 0.507214, 0, -0.00182924, 0.0162767, 0.00922385, 0.0162767, 0.00610536, 0.0162767
0.926983, 0.376703, 0.128589, 0.404364, 0.184078, 0.507214, 0, 0.918675, 0.375411, 0.128589, 0.404364, 0.186663, 0.507214, 0, 0.00712491, 0.0162137, -0.00690892, 0.0162137, -0.000788668, 0.0162137
0.0694665, 0.372373, 0.128589, 0.404364, 0.192739, 0.507214, 0, 0.45853, 0.311852, 0.128589, 0.404364, 0.313781, 0.507214, 0, -0.00520997, 0.0164803, -0.0160089, 0.0164803, -0.00713022, 0.0164803
1.01476, 0.390358, 0.128589, 0.404364, 0.156768, 0.507214, 0, 0.796327, 0.356379, 0.128589, 0.404364, 0.224727, 0.507214, 0, 0.00954452, 0.0162863, -0.0064586, 0.0162863, -0.00569097, 0.0162863
0.721083, 0.344675, 0.128589, 0.404364, 0.248136, 0.507214, 0, 0.408793, 0.296096, 0.128589, 0.404364, 0.345293, 0.507214, 0, 0.00363559, 0.0236752, 0.255841, 0.0236752, 0.0068745, 0.0236752
0.213516, 0.349965, 0.128589, 0.404364, 0.237554, 0.507214, 0, 0.637415, 0.284026, 0.128589, 0.404364, 0.369434, 0.507214, 0, -0.0126181, 0.0257756, -0.325853, 0.0257756, -0.00727477, 0.0257756
0.627743, 0.330155, 0.128589, 0.404364, 0.277175, 0.507214, 0, 0.575219, 0.321985, 0.128589, 0.404364, 0.293516, 0.507214, 0, -0.00450544, 0.0161352, 8.13144e-05, 0.0161352, 0.00279073, 0.0161352
0.783136, 0.354327, 0.128589, 0.404364, 0.22883, 0.507214, 0, 0.608744, 0.3272, 0.128589, 0.404364, 0.283086, 0.507214, 0, -0.000721137, 0.0161966, -0.0045086, 0.0161966, 0.00655439, 0.0161966
0.117982, 0.364826, 0.128589, 0.404364, 0.207832, 0.507214, 0, 0.161178, 0.358107, 0.128589, 0.404364, 0.221271, 0.507214, 0, -0.00281122, 0.0162792, 0.00930706, 0.0162792, 0.00193818, 0.0162792
0.638178, 0.331778, 0.128589, 0.404364, 0.273929, 0.507214, 0, 0.511514, 0.312075, 0.128589, 0.404364, 0.313335, 0.507214, 0, 0.00454629, 0.0181658, 0.0721926, 0.0181658, -0.00126956, 0.0181658
0.0380139, 0.377266, 0.128589, 0.404364, 0.182953, 0.507214, 0, 0.529963, 0.30074, 0.128589, 0.404364, 0.336004, 0.507214, 0, -0.00228018, 0.0201019, -0.13673, 0.0201019, -0.00975962, 0.0201019
0.84423, 0.363831, 0.128589, 0.404364, 0.209824, 0.507214, 0, 0.372991, 0.290527, 0.128589, 0.404364, 0.356431, 0.507214, 0, -0.00651925, 0.0250944, 0.303145, 0.0250944, 0.00549934, 0.0250944
0.990744, 0.386622, 0.128589, 0.404364, 0.164241, 0.507214, 0, 0.221827, 0.267013, 0.128589, 0.404364, 0.40346, 0.507214, 0, -0.00678386, 0.0295753, 0.452509, 0.0295753, 0.000250567, 0.0295753
-0.08314, 0.396112, 0.128589, 0.404364, 0.145261, 0.507214, 0, 0.545228, 0.298366, 0.128589, 0.404364, 0.340753, 0.507214, 0, 0.00868558, 0.020682, -0.156068, 0.020682, 0.00446355, 0.020682
0.226786, 0.347901, 0.128589, 0.404364, 0.241683, 0.507214, 0, 0.630264, 0.285138, 0.128589, 0.404364, 0.367209, 0.507214, 0, 0.00357376, 0.0254008, -0.313358, 0.0254008, -0.00194675, 0.0254008
0.760051, 0.350736, 0.128589, 0.404364, 0.236013, 0.507214, 0, 0.590636, 0.324383, 0.128589, 0.404364, 0.28872, 0.507214, 0, 0.00324326, 0.0160973, 0.00268691, 0.0160973, 9.31504e-05, 0.0160973
-0.0639332, 0.393124, 0.128589, 0.404364, 0.151237, 0.507214, 0, 0.351267, 0.328538, 0.128589, 0.404364, 0.28041, 0.507214, 0, 0.00248674, 0.0162577, 0.000185328, 0.0162577, -0.00859145, 0.0162577
0.750762, 0.349291, 0.128589, 0.404364, 0.238902, 0.507214, 0, 0.202676, 0.264033, 0.128589, 0.404364, 0.409418, 0.507214, 0, 0.00173791, 0.0298163, 0.460545, 0.0298163, -0.00517393, 0.0298163
0.809452, 0.358421, 0.128589, 0.404364, 0.220643, 0.507214, 0, 0.425198, 0.298648, 0.128589, 0.404364, 0.340189, 0.507214, 0, 0.00263607, 0.0226413, 0.221376, 0.0226413, -0.00356503, 0.0226413
0.29665, 0.337034, 0.128589, 0.404364, 0.263418, 0.507214, 0, 0.352843, 0.328292, 0.128589, 0.404364, 0.2809, 0.507214, 0, 0.00852921, 0.0162559, 0.00632062, 0.0162559, -0.00120675, 0.0162559
0.76453, 0.351433, 0.128589, 0.404364, 0.234619, 0.507214, 0, 0.543167, 0.316999, 0.128589, 0.404364, 0.303488, 0.507214, 0, -0.00493695, 0.0161481, -0.00288725, 0.0161481, 0.00224114, 0.0161481
0.0858735, 0.369821, 0.128589, 0.404364, 0.197843, 0.507214, 0, 0.217776, 0.349303, 0.128589, 0.404364, 0.23888, 0.507214, 0, 0.0035847, 0.0161271, 0.0032709, 0.0161271, 0.00423716, 0.0161271
-0.0886499, 0.396969, 0.128589, 0.404364, 0.143547, 0.507214, 0, 0.175636, 0.355858, 0.128589, 0.404364, 0.225769, 0.507214, 0, 0.00394252, 0.0162751, -0.00917059, 0.0162751, 0.00144761, 0.0162751
0.034938, 0.377744, 0.128589, 0.404364, 0.181997, 0.507214, 0, 0.473432, 0.309534, 0.128589, 0.404364, 0.318417, 0.507214, 0, 0.00935337, 0.0170677, -0.0355903, 0.0170677, -0.00737444, 0.0170677
0.740926, 0.347761, 0.128589, 0.404364, 0.241963, 0.507214, 0, 0.406139, 0.295683, 0.128589, 0.404364, 0.346118, 0.507214, 0, 0.00436078, 0.0232967, 0.243223, 0.0232967, -0.00919627, 0.0232967
0.164401, 0.357605, 0.128589, 0.404364, 0.222274, 0.507214, 0, 0.22089, 0.348818, 0.128589, 0.404364, 0.239848, 0.507214, 0, -0.00935633, 0.0162807, 0.00770321, 0.0162807, -0.00505227, 0.0162807
-0.0299519, 0.387838, 0.128589, 0.404364, 0.161809, 0.507214, 0, 0.285956, 0.338697, 0.128589, 0.404364, 0.260091, 0.507214, 0, -0.00505688, 0.0161517, 0.00277516, 0.0161517, -0.00111628, 0.0161517
0.194429, 0.352935, 0.128589, 0.404364, 0.231616, 0.507214, 0, 0.420682, 0.31774, 0.128589, 0.404364, 0.302006, 0.507214, 0, 0.00993039, 0.0162979, -0.00751658, 0.0162979, 0.00811664, 0.0162979
0.918552, 0.375392, 0.128589, 0.404364, 0.186701, 0.507214, 0, 0.418419, 0.297593, 0.128589, 0.404364, 0.342298, 0.507214, 0, -0.000816489, 0.0227663, 0.225543, 0.0227663, -0.00458062, 0.0227663
0.853117, 0.365213, 0.128589, 0.404364, 0.207059, 0.507214, 0, 0.549734, 0.31802, 0.128589, 0.404364, 0.301445, 0.507214, 0, 0.00670035, 0.0162664, -0.00408071, 0.0162664, -0.00887887, 0.0162664
0.194978, 0.352849, 0.128589, 0.404364, 0.231787, 0.507214, 0, 0.19882, 0.352252, 0.128589, 0.404364, 0.232982, 0.507214, 0, -0.00192968, 0.0162715, 0.00413081, 0.0162715, -0.00904976, 0.0162715
0.253347, 0.34377, 0.128589, 0.404364, 0.249946, 0.507214, 0, 0.479925, 0.308524, 0.128589, 0.404364, 0.320437, 0.507214, 0, 0.00599331, 0.017509, -0.0503015, 0.017509, 0.00783527, 0.017509
0.988442, 0.386264, 0.128589, 0.404364, 0.164958, 0.507214, 0, 0.823332, 0.36058, 0.128589, 0.404364, 0.216325, 0.507214, 0, -0.00208118, 0.0161786, 0.00160677, 0.0161786, -0.00595275, 0.0161786
0.316157, 0.333999, 0.128589, 0.404364, 0.269487, 0.507214, 0, 0.565272, 0.295248, 0.128589, 0.404364, 0.346989, 0.507214, 0, -0.00676886, 0.0219867, -0.199556, 0.0219867, 0.00744533, 0.0219867
0.168182, 0.357017, 0.128589, 0.404364, 0.22345, 0.507214, 0, 0.694071, 0.275212, 0.128589, 0.404364, 0.38706, 0.507214, 0, -0.0213847, 0.0293039, -0.443464, 0.0293039, 0.00795449, 0.0293039
0.101695, 0.36736, 0.128589, 0.404364, 0.202765, 0.507214, 0, 0.111156, 0.365888, 0.128589, 0.404364, 0.205709, 0.507214, 0, 0.00163338, 0.0162691, -0.00897047, 0.0162691, 0.00685006, 0.0162691
0.0492918, 0.375511, 0.128589, 0.404364, 0.186462, 0.507214, 0, 0.617577, 0.287112, 0.128589, 0.404364, 0.363262, 0.507214, 0, -0.010086, 0.0247848, -0.292827, 0.0247848, -0.00961661, 0.0247848
0.766388, 0.351722, 0.128589, 0.404364, 0.234041, 0.507214, 0, 0.206559, 0.264637, 0.128589, 0.404364, 0.40821, 0.507214, 0, -0.0122295, 0.0302937, 0.476456, 0.0302937, -0.00926632, 0.0302937
0.873597, 0.368399, 0.128589, 0.404364, 0.200687, 0.507214, 0, 0.790582, 0.355485, 0.128589, 0.404364, 0.226514, 0.507214, 0, 0.00580522, 0.0161819, 0.0060634, 0.0161819, 0.00165845, 0.0161819
0.636216, 0.331473, 0.128589, 0.404364, 0.274539, 0.507214, 0, 0.215697, 0.266059, 0.128589, 0.404364, 0.405367, 0.507214, 0, -0.0194998, 0.0299934, 0.466447, 0.0299934, -0.00408284, 0.0299934
0.19938, 0.352164, 0.128589, 0.404364, 0.233156, 0.507214, 0, 0.299518, 0.336587, 0.128589, 0.404364, 0.26431, 0.507214, 0, 0.00374085, 0.0161623, 5.58171e-05, 0.0161623, -0.00540984, 0.0161623
0.0880659, 0.36948, 0.128589, 0.404364, 0.198525, 0.507214, 0, 0.353806, 0.328143, 0.128589, 0.404364, 0.2812, 0.507214, 0, 0.00112486, 0.0162991, 0.00996947, 0.0162991, 0.00737065, 0.0162991
0.740515, 0.347697, 0.128589, 0.404364, 0.24209, 0.507214, 0, 0.666857, 0.336239, 0.128589, 0.404364, 0.265006, 0.507214, 0, 0.003261, 0.0160978, 0.00138489, 0.0160978, 0.00244813, 0.0160978
0.228847, 0.347581, 0.128589, 0.404364, 0.242324, 0.507214, 0, 0.258264, 0.343005, 0.128589, 0.404364, 0.251476, 0.507214, 0, 0.00163958, 0.0161156, -0.00385363, 0.0161156, -0.0008829, 0.0161156
0.28238, 0.339253, 0.128589, 0.404364, 0.258979, 0.507214, 0, 0.651242, 0.281875, 0.128589, 0.404364, 0.373736, 0.507214, 0, -0.00674232, 0.0272289, -0.374296, 0.0272289, -0.00105836, 0.0272289
0.767473, 0.351891, 0.128589, 0.404364, 0.233703, 0.507214, 0, 0.179646, 0.260451, 0.128589, 0.404364, 0.416583, 0.507214, 0, -0.0171787, 0.0305701, 0.485669, 0.0305701, -0.00186845, 0.0305701
0.757114, 0.350279, 0.128589, 0.404364, 0.236926, 0.507214, 0, 0.539678, 0.316456, 0.128589, 0.404364, 0.304573, 0.507214, 0, 0.00181701, 0.0165585, 0.0186159, 0.0165585, -0.00550375, 0.0165585
0.309748, 0.334996, 0.128589, 0.404364, 0.267493, 0.507214, 0, 0.406732, 0.31991, 0.128589, 0.404364, 0.297666, 0.507214, 0, 0.00753237, 0.016226, 0.00335851, 0.016226, -0.00110397, 0.016226
